config_name,hidden_layers,activation,optimizer,learning_rate,accuracy_mean,accuracy_std,balanced_accuracy_mean,balanced_accuracy_std,f1_mean,f1_std
64 (ReLU + ADAM lr=0.1),[64],ReLU,adam,0.1,0.9929012345679012,0.0007733177149368706,0.944927536231884,0.004693734190304543,0.9129759285802775,0.008383700376016606
64 (ReLU + ADAM lr=0.01),[64],ReLU,adam,0.01,0.9658950617283951,0.006174125380472005,0.5954643048845947,0.0731787454889928,0.29470827431990226,0.19870115740323088
64 (ReLU + ADAM lr=0.001),[64],ReLU,adam,0.001,0.9583333333333334,0.0,0.5,0.0,0.0,0.0
64 (ReLU + ADAM lr=0.0001),[64],ReLU,adam,0.0001,0.9369855967078189,0.03496164217607859,0.5124798711755233,0.018589368694843438,0.039187277345015085,0.04835335546710064
64 (ReLU + SGD lr=0.1),[64],ReLU,sgd,0.1,0.9583333333333334,0.0,0.5,0.0,0.0,0.0
64 (ReLU + SGD lr=0.01),[64],ReLU,sgd,0.01,0.9583333333333334,0.0,0.5,0.0,0.0,0.0
64 (ReLU + SGD lr=0.001),[64],ReLU,sgd,0.001,0.8320987654320987,0.13535185246180695,0.4973161567364466,0.03319817566682575,0.03327545476831786,0.037485257362627325
64 (ReLU + SGD lr=0.0001),[64],ReLU,sgd,0.0001,0.4960905349794239,0.12437995040953807,0.4217928073000537,0.09820102917254998,0.053976613837662946,0.029099230888219717
64 (ReLU + RMSPROP lr=0.1),[64],ReLU,rmsprop,0.1,0.9656378600823045,0.009422992214025032,0.6838969404186795,0.14530322471649262,0.40352265974181023,0.28452541056170033
64 (ReLU + RMSPROP lr=0.01),[64],ReLU,rmsprop,0.01,0.9915123456790124,0.00032533720783624277,0.9040526033279657,0.009286252826047711,0.8880475436649334,0.005782855131755113
64 (ReLU + RMSPROP lr=0.001),[64],ReLU,rmsprop,0.001,0.9575617283950617,0.0008607613441708724,0.49959742351046704,0.00044909287521958095,0.0,0.0
64 (ReLU + RMSPROP lr=0.0001),[64],ReLU,rmsprop,0.0001,0.9510802469135802,0.013997441963218074,0.5109769189479334,0.022223194607927266,0.028653295128939826,0.05730659025787965
64 (Tanh + ADAM lr=0.1),[64],Tanh,adam,0.1,0.9936728395061728,0.000554029301145518,0.9429683306494901,0.005554972080727993,0.9212784502592019,0.005783050884730521
64 (Tanh + ADAM lr=0.01),[64],Tanh,adam,0.01,0.9581790123456791,0.0012767153956780484,0.5052334943639292,0.009783335772946239,0.02119039331709015,0.036750561252537874
64 (Tanh + ADAM lr=0.001),[64],Tanh,adam,0.001,0.9583333333333334,0.0,0.5,0.0,0.0,0.0
64 (Tanh + ADAM lr=0.0001),[64],Tanh,adam,0.0001,0.6538580246913581,0.15088005395782003,0.5371712292002147,0.12183921274303916,0.09882421807551729,0.07770739582343714
64 (Tanh + SGD lr=0.1),[64],Tanh,sgd,0.1,0.9583333333333334,0.0,0.5,0.0,0.0,0.0
64 (Tanh + SGD lr=0.01),[64],Tanh,sgd,0.01,0.9583333333333334,0.0,0.5,0.0,0.0,0.0
64 (Tanh + SGD lr=0.001),[64],Tanh,sgd,0.001,0.7195473251028807,0.08086782968627872,0.502361782071927,0.08733502277473429,0.06838610945989936,0.046155913531415536
64 (Tanh + SGD lr=0.0001),[64],Tanh,sgd,0.0001,0.542746913580247,0.11357826663002013,0.5352925389157273,0.11066527562908912,0.09461040300894005,0.03711134459377344
64 (Tanh + RMSPROP lr=0.1),[64],Tanh,rmsprop,0.1,0.9510802469135802,0.012224413002863437,0.7188137412775093,0.08754220334684217,0.43685653041168926,0.12455139000586873
64 (Tanh + RMSPROP lr=0.01),[64],Tanh,rmsprop,0.01,0.9618827160493828,0.006043746149269357,0.5945517981749866,0.1346672106828781,0.21768301047080518,0.25431478251745065
64 (Tanh + RMSPROP lr=0.001),[64],Tanh,rmsprop,0.001,0.9583333333333334,0.0,0.5,0.0,0.0,0.0
64 (Tanh + RMSPROP lr=0.0001),[64],Tanh,rmsprop,0.0001,0.8766460905349793,0.10113090229067957,0.6227053140096619,0.08108652262680996,0.18592656236980726,0.03120483514789325
64 (LeakyReLU + ADAM lr=0.1),[64],LeakyReLU,adam,0.1,0.9926440329218107,0.0005540293011455324,0.9400697799248524,0.0062376120435142955,0.909105942520509,0.006474897273042024
64 (LeakyReLU + ADAM lr=0.01),[64],LeakyReLU,adam,0.01,0.9616769547325102,0.0038870649150848924,0.553113258185722,0.040367483021292186,0.1815868036661837,0.1266255223359603
64 (LeakyReLU + ADAM lr=0.001),[64],LeakyReLU,adam,0.001,0.9583333333333334,0.0,0.5,0.0,0.0,0.0
64 (LeakyReLU + ADAM lr=0.0001),[64],LeakyReLU,adam,0.0001,0.8911008230452675,0.12540352570742175,0.49208266237251747,0.013168073966610551,0.014543933603424802,0.023470456546836774
64 (LeakyReLU + SGD lr=0.1),[64],LeakyReLU,sgd,0.1,0.9583333333333334,0.0,0.5,0.0,0.0,0.0
64 (LeakyReLU + SGD lr=0.01),[64],LeakyReLU,sgd,0.01,0.9583333333333334,0.0,0.5,0.0,0.0,0.0
64 (LeakyReLU + SGD lr=0.001),[64],LeakyReLU,sgd,0.001,0.9400205761316872,0.012345035991484657,0.49989264626945784,0.01872995740394483,0.022535211267605635,0.04507042253521127
64 (LeakyReLU + SGD lr=0.0001),[64],LeakyReLU,sgd,0.0001,0.6123971193415637,0.23507065418538337,0.5255770263016639,0.060823645656754646,0.06708965800801113,0.03732909691417937
64 (LeakyReLU + RMSPROP lr=0.1),[64],LeakyReLU,rmsprop,0.1,0.9643004115226338,0.008229488112203637,0.6796564680622652,0.06439073044028458,0.457355241071593,0.14450856958958078
64 (LeakyReLU + RMSPROP lr=0.01),[64],LeakyReLU,rmsprop,0.01,0.9916666666666666,0.0008230452674896928,0.9029522275899089,0.007037812872680051,0.8896018951445261,0.011318528896663276
64 (LeakyReLU + RMSPROP lr=0.001),[64],LeakyReLU,rmsprop,0.001,0.9562757201646092,0.0026380414413494243,0.5006977992485239,0.0009875668004817057,0.006426553672316385,0.008428547315161409
64 (LeakyReLU + RMSPROP lr=0.0001),[64],LeakyReLU,rmsprop,0.0001,0.9578703703703704,0.0009259259259259523,0.5009393451422437,0.0018786902844873945,0.004571428571428572,0.009142857142857145
64 (Sigmoid + ADAM lr=0.1),[64],Sigmoid,adam,0.1,0.9555555555555557,0.002273872027294285,0.5032742887815351,0.00909921822735391,0.01641025641025641,0.03282051282051282
64 (Sigmoid + ADAM lr=0.01),[64],Sigmoid,adam,0.01,0.9583333333333334,0.0,0.5,0.0,0.0,0.0
64 (Sigmoid + ADAM lr=0.001),[64],Sigmoid,adam,0.001,0.9583333333333334,0.0,0.5,0.0,0.0,0.0
64 (Sigmoid + ADAM lr=0.0001),[64],Sigmoid,adam,0.0001,0.9529320987654322,0.010802469135802493,0.5166666666666666,0.033333333333333305,0.03963963963963964,0.07927927927927927
64 (Sigmoid + SGD lr=0.1),[64],Sigmoid,sgd,0.1,0.9583333333333334,0.0,0.5,0.0,0.0,0.0
64 (Sigmoid + SGD lr=0.01),[64],Sigmoid,sgd,0.01,0.9583333333333334,0.0,0.5,0.0,0.0,0.0
64 (Sigmoid + SGD lr=0.001),[64],Sigmoid,sgd,0.001,0.9583333333333334,0.0,0.5,0.0,0.0,0.0
64 (Sigmoid + SGD lr=0.0001),[64],Sigmoid,sgd,0.0001,0.6649176954732511,0.3619641595567216,0.48035426731078906,0.030770658041187254,0.03095902484161922,0.03163297566766384
64 (Sigmoid + RMSPROP lr=0.1),[64],Sigmoid,rmsprop,0.1,0.9736111111111111,0.004619902905209421,0.7872517444981213,0.042481992016663715,0.6472239156373485,0.05271986037430508
64 (Sigmoid + RMSPROP lr=0.01),[64],Sigmoid,rmsprop,0.01,0.9583333333333334,0.0,0.5,0.0,0.0,0.0
64 (Sigmoid + RMSPROP lr=0.001),[64],Sigmoid,rmsprop,0.001,0.9583333333333334,0.0,0.5,0.0,0.0,0.0
64 (Sigmoid + RMSPROP lr=0.0001),[64],Sigmoid,rmsprop,0.0001,0.9583333333333334,0.0,0.5,0.0,0.0,0.0
64-32 (ReLU + ADAM lr=0.1),"[64, 32]",ReLU,adam,0.1,0.9919238683127573,0.002528437392478296,0.9467793880837359,0.025573181893063315,0.9039586135197581,0.021898621034226008
64-32 (ReLU + ADAM lr=0.01),"[64, 32]",ReLU,adam,0.01,0.9652263374485596,0.008597462769262678,0.5868491680085883,0.10908360024176067,0.23724829190027222,0.29375580238299076
64-32 (ReLU + ADAM lr=0.001),"[64, 32]",ReLU,adam,0.001,0.9583333333333334,0.0,0.5,0.0,0.0,0.0
64-32 (ReLU + ADAM lr=0.0001),"[64, 32]",ReLU,adam,0.0001,0.9581790123456791,0.00030864197530866555,0.5005099302200751,0.0010198604401502997,0.0023952095808383233,0.004790419161676647
64-32 (ReLU + SGD lr=0.1),"[64, 32]",ReLU,sgd,0.1,0.9583333333333334,0.0,0.5,0.0,0.0,0.0
64-32 (ReLU + SGD lr=0.01),"[64, 32]",ReLU,sgd,0.01,0.9583333333333334,0.0,0.5,0.0,0.0,0.0
64-32 (ReLU + SGD lr=0.001),"[64, 32]",ReLU,sgd,0.001,0.8955246913580247,0.11986285502735747,0.5339506172839507,0.06370304246352582,0.03774947655544671,0.05416640658664517
64-32 (ReLU + SGD lr=0.0001),"[64, 32]",ReLU,sgd,0.0001,0.39819958847736625,0.40316754367608326,0.5112453032742887,0.014399363120970314,0.06782764211289669,0.03446034121383761
64-32 (ReLU + RMSPROP lr=0.1),"[64, 32]",ReLU,rmsprop,0.1,0.9583333333333334,0.0,0.5,0.0,0.0,0.0
64-32 (ReLU + RMSPROP lr=0.01),"[64, 32]",ReLU,rmsprop,0.01,0.990380658436214,0.001756519658329618,0.9341653247450349,0.019175229028949893,0.8837046861842912,0.015828339745037633
64-32 (ReLU + RMSPROP lr=0.001),"[64, 32]",ReLU,rmsprop,0.001,0.9560185185185185,0.0009485128042482336,0.49997316156736443,0.0028357442709334084,0.0047619047619047615,0.009523809523809523
64-32 (ReLU + RMSPROP lr=0.0001),"[64, 32]",ReLU,rmsprop,0.0001,0.9583333333333334,0.0,0.5,0.0,0.0,0.0
64-32 (Tanh + ADAM lr=0.1),"[64, 32]",Tanh,adam,0.1,0.989454732510288,0.006876477331461299,0.922463768115942,0.043635313385989055,0.8706893863266622,0.08243906540467964
64-32 (Tanh + ADAM lr=0.01),"[64, 32]",Tanh,adam,0.01,0.9901748971193417,0.004541339188136471,0.8992216854535695,0.05640676236141215,0.866834216250458,0.07486388116980922
64-32 (Tanh + ADAM lr=0.001),"[64, 32]",Tanh,adam,0.001,0.9520576131687243,0.0027538598383383276,0.4967257112184648,0.0014367964373939058,0.0,0.0
64-32 (Tanh + ADAM lr=0.0001),"[64, 32]",Tanh,adam,0.0001,0.9293724279835391,0.018496071214588027,0.5581052066559313,0.03515476128292301,0.13870187923224944,0.06649790608596921
64-32 (Tanh + SGD lr=0.1),"[64, 32]",Tanh,sgd,0.1,0.9583333333333334,0.0,0.5,0.0,0.0,0.0
64-32 (Tanh + SGD lr=0.01),"[64, 32]",Tanh,sgd,0.01,0.9583333333333334,0.0,0.5,0.0,0.0,0.0
64-32 (Tanh + SGD lr=0.001),"[64, 32]",Tanh,sgd,0.001,0.8826646090534979,0.10568270104167075,0.529602791196994,0.037194872444118024,0.08649927838865047,0.07007058772214395
64-32 (Tanh + SGD lr=0.0001),"[64, 32]",Tanh,sgd,0.0001,0.5712962962962963,0.20918350130505625,0.4799248523886205,0.06786173982244904,0.0712942820326789,0.02340290772107244
64-32 (Tanh + RMSPROP lr=0.1),"[64, 32]",Tanh,rmsprop,0.1,0.940380658436214,0.011418594461670512,0.6276167471819646,0.07043260760260472,0.27775530742999377,0.12568086529240383
64-32 (Tanh + RMSPROP lr=0.01),"[64, 32]",Tanh,rmsprop,0.01,0.9793209876543211,0.012742881581814467,0.8410091250670959,0.1273410916669634,0.7085608433989614,0.22182892411791916
64-32 (Tanh + RMSPROP lr=0.001),"[64, 32]",Tanh,rmsprop,0.001,0.9506172839506174,0.004750925880254656,0.49597423510466987,0.002478743937524164,0.0,0.0
64-32 (Tanh + RMSPROP lr=0.0001),"[64, 32]",Tanh,rmsprop,0.0001,0.9518004115226338,0.007211926818239454,0.5579978529253892,0.0717444266377935,0.13034360554699537,0.149790950867224
64-32 (LeakyReLU + ADAM lr=0.1),"[64, 32]",LeakyReLU,adam,0.1,0.9934156378600824,0.0015137797293788325,0.9481481481481481,0.01756935719344214,0.9189089935976936,0.01946744009134986
64-32 (LeakyReLU + ADAM lr=0.01),"[64, 32]",LeakyReLU,adam,0.01,0.9712962962962963,0.013598745039639442,0.6762211486849167,0.17607307452031626,0.4074160282698481,0.3627433138075422
64-32 (LeakyReLU + ADAM lr=0.001),"[64, 32]",LeakyReLU,adam,0.001,0.9583333333333334,0.0,0.5,0.0,0.0,0.0
64-32 (LeakyReLU + ADAM lr=0.0001),"[64, 32]",LeakyReLU,adam,0.0001,0.9583333333333334,0.0,0.5,0.0,0.0,0.0
64-32 (LeakyReLU + SGD lr=0.1),"[64, 32]",LeakyReLU,sgd,0.1,0.9583333333333334,0.0,0.5,0.0,0.0,0.0
64-32 (LeakyReLU + SGD lr=0.01),"[64, 32]",LeakyReLU,sgd,0.01,0.9583333333333334,0.0,0.5,0.0,0.0,0.0
64-32 (LeakyReLU + SGD lr=0.001),"[64, 32]",LeakyReLU,sgd,0.001,0.9126028806584362,0.09146090534979426,0.48204508856682776,0.03590982286634459,0.0037348272642390287,0.007469654528478057
64-32 (LeakyReLU + SGD lr=0.0001),"[64, 32]",LeakyReLU,sgd,0.0001,0.49907407407407406,0.3299330184580928,0.4794417606011809,0.10296901073701656,0.05385324296649067,0.043025049393025254
64-32 (LeakyReLU + RMSPROP lr=0.1),"[64, 32]",LeakyReLU,rmsprop,0.1,0.9585905349794238,0.003439200545359445,0.6719538378958669,0.11472953127991171,0.36682468602968943,0.20756874809742853
64-32 (LeakyReLU + RMSPROP lr=0.01),"[64, 32]",LeakyReLU,rmsprop,0.01,0.9918724279835391,0.0005998921702515742,0.9296296296296296,0.007927838592344928,0.8983916295087079,0.006231083316394585
64-32 (LeakyReLU + RMSPROP lr=0.001),"[64, 32]",LeakyReLU,rmsprop,0.001,0.9577160493827162,0.000823045267489736,0.4996779388083736,0.0004294149221685473,0.0,0.0
64-32 (LeakyReLU + RMSPROP lr=0.0001),"[64, 32]",LeakyReLU,rmsprop,0.0001,0.9583333333333334,0.0,0.5,0.0,0.0,0.0
64-32 (Sigmoid + ADAM lr=0.1),"[64, 32]",Sigmoid,adam,0.1,0.9800411522633745,0.012261371946863834,0.8195383789586689,0.16206365713086468,0.6589901661624709,0.3361033249179011
64-32 (Sigmoid + ADAM lr=0.01),"[64, 32]",Sigmoid,adam,0.01,0.9583333333333334,0.0,0.5,0.0,0.0,0.0
64-32 (Sigmoid + ADAM lr=0.001),"[64, 32]",Sigmoid,adam,0.001,0.9583333333333334,0.0,0.5,0.0,0.0,0.0
64-32 (Sigmoid + ADAM lr=0.0001),"[64, 32]",Sigmoid,adam,0.0001,0.9583333333333334,0.0,0.5,0.0,0.0,0.0
64-32 (Sigmoid + SGD lr=0.1),"[64, 32]",Sigmoid,sgd,0.1,0.9583333333333334,0.0,0.5,0.0,0.0,0.0
64-32 (Sigmoid + SGD lr=0.01),"[64, 32]",Sigmoid,sgd,0.01,0.9583333333333334,0.0,0.5,0.0,0.0,0.0
64-32 (Sigmoid + SGD lr=0.001),"[64, 32]",Sigmoid,sgd,0.001,0.9583333333333334,0.0,0.5,0.0,0.0,0.0
64-32 (Sigmoid + SGD lr=0.0001),"[64, 32]",Sigmoid,sgd,0.0001,0.5916666666666667,0.44907311951024936,0.5,0.0,0.032,0.039191835884530846
64-32 (Sigmoid + RMSPROP lr=0.1),"[64, 32]",Sigmoid,rmsprop,0.1,0.9583333333333334,0.0,0.5,0.0,0.0,0.0
64-32 (Sigmoid + RMSPROP lr=0.01),"[64, 32]",Sigmoid,rmsprop,0.01,0.957304526748971,0.002057613168724304,0.4994632313472893,0.0010735373054213682,0.0,0.0
64-32 (Sigmoid + RMSPROP lr=0.001),"[64, 32]",Sigmoid,rmsprop,0.001,0.9583333333333334,0.0,0.5,0.0,0.0,0.0
64-32 (Sigmoid + RMSPROP lr=0.0001),"[64, 32]",Sigmoid,rmsprop,0.0001,0.9583333333333334,0.0,0.5,0.0,0.0,0.0
64-32-16 (ReLU + ADAM lr=0.1),"[64, 32, 16]",ReLU,adam,0.1,0.9940329218106996,0.0012324226904023485,0.9543746645195922,0.007366159749747331,0.9271929099718182,0.014645620645695408
64-32-16 (ReLU + ADAM lr=0.01),"[64, 32, 16]",ReLU,adam,0.01,0.9688786008230453,0.01383544052007969,0.6348094471282877,0.17615565498970015,0.30817975060779546,0.3871608773794473
64-32-16 (ReLU + ADAM lr=0.001),"[64, 32, 16]",ReLU,adam,0.001,0.9583333333333334,0.0,0.5,0.0,0.0,0.0
64-32-16 (ReLU + ADAM lr=0.0001),"[64, 32, 16]",ReLU,adam,0.0001,0.6184670781893005,0.41624984231421447,0.46320450885668285,0.05132785513153169,0.025689301505183292,0.03174104886546732
64-32-16 (ReLU + SGD lr=0.1),"[64, 32, 16]",ReLU,sgd,0.1,0.9583333333333334,0.0,0.5,0.0,0.0,0.0
64-32-16 (ReLU + SGD lr=0.01),"[64, 32, 16]",ReLU,sgd,0.01,0.9583333333333334,0.0,0.5,0.0,0.0,0.0
64-32-16 (ReLU + SGD lr=0.001),"[64, 32, 16]",ReLU,sgd,0.001,0.8289609053497943,0.2587448559670782,0.4761943102522813,0.04761137949543746,0.01047787610619469,0.02095575221238938
64-32-16 (ReLU + SGD lr=0.0001),"[64, 32, 16]",ReLU,sgd,0.0001,0.4083847736625515,0.44903112847886534,0.5000268384326356,5.367686527106841e-05,0.04800395159298593,0.03919506301068347
64-32-16 (ReLU + RMSPROP lr=0.1),"[64, 32, 16]",ReLU,rmsprop,0.1,0.9594650205761317,0.002263374485596703,0.5360171765968867,0.07203435319377344,0.09230769230769231,0.18461538461538463
64-32-16 (ReLU + RMSPROP lr=0.01),"[64, 32, 16]",ReLU,rmsprop,0.01,0.9919753086419754,0.0014125031088216035,0.9462157809983898,0.014316587004264159,0.902942123908591,0.017454433166976358
64-32-16 (ReLU + RMSPROP lr=0.001),"[64, 32, 16]",ReLU,rmsprop,0.001,0.9553497942386832,0.002848326790104329,0.5267847557702631,0.022864170967126354,0.09502135219599069,0.0719453593139719
64-32-16 (ReLU + RMSPROP lr=0.0001),"[64, 32, 16]",ReLU,rmsprop,0.0001,0.9583333333333334,0.0,0.5,0.0,0.0,0.0
64-32-16 (Tanh + ADAM lr=0.1),"[64, 32, 16]",Tanh,adam,0.1,0.9766460905349794,0.014153477308208392,0.8278046162104132,0.132115286229757,0.6842403555818024,0.20098998926246472
64-32-16 (Tanh + ADAM lr=0.01),"[64, 32, 16]",Tanh,adam,0.01,0.9856995884773664,0.011756788243667226,0.8709071390230811,0.05610593439373301,0.81844170479262,0.13824271081612055
64-32-16 (Tanh + ADAM lr=0.001),"[64, 32, 16]",Tanh,adam,0.001,0.9529320987654322,0.005871863446553929,0.49718196457326885,0.0030635809286368183,0.0,0.0
64-32-16 (Tanh + ADAM lr=0.0001),"[64, 32, 16]",Tanh,adam,0.0001,0.9539094650205762,0.008847736625514413,0.5100912506709608,0.020182501341921635,0.028965517241379312,0.057931034482758624
64-32-16 (Tanh + SGD lr=0.1),"[64, 32, 16]",Tanh,sgd,0.1,0.9583333333333334,0.0,0.5,0.0,0.0,0.0
64-32-16 (Tanh + SGD lr=0.01),"[64, 32, 16]",Tanh,sgd,0.01,0.9583333333333334,0.0,0.5,0.0,0.0,0.0
64-32-16 (Tanh + SGD lr=0.001),"[64, 32, 16]",Tanh,sgd,0.001,0.6816358024691358,0.3261691456594462,0.4819914117015567,0.059073054653547466,0.06440371730051686,0.07233326708099924
64-32-16 (Tanh + SGD lr=0.0001),"[64, 32, 16]",Tanh,sgd,0.0001,0.7487654320987653,0.18005903791230737,0.5022544283413849,0.05809472446572853,0.04932518702474445,0.04727208741019292
64-32-16 (Tanh + RMSPROP lr=0.1),"[64, 32, 16]",Tanh,rmsprop,0.1,0.9562757201646092,0.0013413996718524015,0.5420289855072463,0.06241620121348055,0.11446890426781371,0.14111731142421371
64-32-16 (Tanh + RMSPROP lr=0.01),"[64, 32, 16]",Tanh,rmsprop,0.01,0.9763888888888888,0.010794382628800054,0.7172571121846485,0.12865995824286833,0.5573920044045071,0.2735152184514679
64-32-16 (Tanh + RMSPROP lr=0.001),"[64, 32, 16]",Tanh,rmsprop,0.001,0.954783950617284,0.005440042825679933,0.4981481481481482,0.0028382832133982266,0.0,0.0
64-32-16 (Tanh + RMSPROP lr=0.0001),"[64, 32, 16]",Tanh,rmsprop,0.0001,0.9582304526748973,0.00020576131687244373,0.4999463231347289,0.00010735373054213681,0.0,0.0
64-32-16 (LeakyReLU + ADAM lr=0.1),"[64, 32, 16]",LeakyReLU,adam,0.1,0.9932098765432098,0.0017107293362465087,0.9545356951154051,0.009482516187600305,0.9184175121184204,0.018673577687575646
64-32-16 (LeakyReLU + ADAM lr=0.01),"[64, 32, 16]",LeakyReLU,adam,0.01,0.9833847736625515,0.012950913793925168,0.8460815888352119,0.174449750196116,0.7007888292844046,0.3521796270498996
64-32-16 (LeakyReLU + ADAM lr=0.001),"[64, 32, 16]",LeakyReLU,adam,0.001,0.9583333333333334,0.0,0.5,0.0,0.0,0.0
64-32-16 (LeakyReLU + ADAM lr=0.0001),"[64, 32, 16]",LeakyReLU,adam,0.0001,0.9573559670781894,0.001954732510288082,0.5000805152979065,0.00016103059581320522,0.002185792349726776,0.004371584699453552
64-32-16 (LeakyReLU + SGD lr=0.1),"[64, 32, 16]",LeakyReLU,sgd,0.1,0.9583333333333334,0.0,0.5,0.0,0.0,0.0
64-32-16 (LeakyReLU + SGD lr=0.01),"[64, 32, 16]",LeakyReLU,sgd,0.01,0.9583333333333334,0.0,0.5,0.0,0.0,0.0
64-32-16 (LeakyReLU + SGD lr=0.001),"[64, 32, 16]",LeakyReLU,sgd,0.001,0.6775720164609054,0.33225298686808696,0.5371443907675791,0.0313514251053014,0.08641668135820316,0.047756582654561334
64-32-16 (LeakyReLU + SGD lr=0.0001),"[64, 32, 16]",LeakyReLU,sgd,0.0001,0.7750000000000001,0.3666666666666667,0.5,0.0,0.016,0.032
64-32-16 (LeakyReLU + RMSPROP lr=0.1),"[64, 32, 16]",LeakyReLU,rmsprop,0.1,0.9637860082304528,0.008135707237619964,0.6244766505636071,0.15483879149067115,0.26620651806822015,0.32672571532935524
64-32-16 (LeakyReLU + RMSPROP lr=0.01),"[64, 32, 16]",LeakyReLU,rmsprop,0.01,0.9893004115226338,0.005843856860728867,0.9312399355877616,0.01337959798430622,0.8753369051175028,0.053951045597690955
64-32-16 (LeakyReLU + RMSPROP lr=0.001),"[64, 32, 16]",LeakyReLU,rmsprop,0.001,0.9525720164609053,0.010284978960766404,0.4981749865807837,0.0030240614108434432,0.0029850746268656717,0.005970149253731344
64-32-16 (LeakyReLU + RMSPROP lr=0.0001),"[64, 32, 16]",LeakyReLU,rmsprop,0.0001,0.9583333333333334,0.0,0.5,0.0,0.0,0.0
64-32-16 (Sigmoid + ADAM lr=0.1),"[64, 32, 16]",Sigmoid,adam,0.1,0.9583333333333334,0.0,0.5,0.0,0.0,0.0
64-32-16 (Sigmoid + ADAM lr=0.01),"[64, 32, 16]",Sigmoid,adam,0.01,0.9583333333333334,0.0,0.5,0.0,0.0,0.0
64-32-16 (Sigmoid + ADAM lr=0.001),"[64, 32, 16]",Sigmoid,adam,0.001,0.9583333333333334,0.0,0.5,0.0,0.0,0.0
64-32-16 (Sigmoid + ADAM lr=0.0001),"[64, 32, 16]",Sigmoid,adam,0.0001,0.7750000000000001,0.36666666666666664,0.5,0.0,0.016,0.032
64-32-16 (Sigmoid + SGD lr=0.1),"[64, 32, 16]",Sigmoid,sgd,0.1,0.9583333333333334,0.0,0.5,0.0,0.0,0.0
64-32-16 (Sigmoid + SGD lr=0.01),"[64, 32, 16]",Sigmoid,sgd,0.01,0.9583333333333334,0.0,0.5,0.0,0.0,0.0
64-32-16 (Sigmoid + SGD lr=0.001),"[64, 32, 16]",Sigmoid,sgd,0.001,0.9583333333333334,0.0,0.5,0.0,0.0,0.0
64-32-16 (Sigmoid + SGD lr=0.0001),"[64, 32, 16]",Sigmoid,sgd,0.0001,0.9583333333333334,0.0,0.5,0.0,0.0,0.0
64-32-16 (Sigmoid + RMSPROP lr=0.1),"[64, 32, 16]",Sigmoid,rmsprop,0.1,0.9583333333333334,0.0,0.5,0.0,0.0,0.0
64-32-16 (Sigmoid + RMSPROP lr=0.01),"[64, 32, 16]",Sigmoid,rmsprop,0.01,0.9718106995884774,0.01651354751212616,0.6758990874932904,0.2160662585968275,0.3609627378858148,0.44209132965884085
64-32-16 (Sigmoid + RMSPROP lr=0.001),"[64, 32, 16]",Sigmoid,rmsprop,0.001,0.9583333333333334,0.0,0.5,0.0,0.0,0.0
64-32-16 (Sigmoid + RMSPROP lr=0.0001),"[64, 32, 16]",Sigmoid,rmsprop,0.0001,0.9583333333333334,0.0,0.5,0.0,0.0,0.0
128 (ReLU + ADAM lr=0.1),[128],ReLU,adam,0.1,0.9935699588477366,0.0007629833834460693,0.9458668813741277,0.008291121199263162,0.9204981055463322,0.00956582382621754
128 (ReLU + ADAM lr=0.01),[128],ReLU,adam,0.01,0.9830761316872427,0.0033629545532265644,0.7986849168008588,0.041247571415744574,0.7430458926572412,0.06244781973071356
128 (ReLU + ADAM lr=0.001),[128],ReLU,adam,0.001,0.9582818930041153,0.00010288065843622185,0.49997316156736443,5.367686527106841e-05,0.0,0.0
128 (ReLU + ADAM lr=0.0001),[128],ReLU,adam,0.0001,0.9569444444444445,0.002777777777777812,0.4992753623188406,0.0014492753623188469,0.0,0.0
128 (ReLU + SGD lr=0.1),[128],ReLU,sgd,0.1,0.9583333333333334,0.0,0.5,0.0,0.0,0.0
128 (ReLU + SGD lr=0.01),[128],ReLU,sgd,0.01,0.9583333333333334,0.0,0.5,0.0,0.0,0.0
128 (ReLU + SGD lr=0.001),[128],ReLU,sgd,0.001,0.9306584362139917,0.05000375733143213,0.48556092324208266,0.026088916868573273,0.0,0.0
128 (ReLU + SGD lr=0.0001),[128],ReLU,sgd,0.0001,0.6724794238683127,0.16580277044894876,0.49906065485775625,0.08414548456001229,0.07509531500101195,0.038310543422706414
128 (ReLU + RMSPROP lr=0.1),[128],ReLU,rmsprop,0.1,0.9698559670781893,0.008264781801857522,0.7876543209876543,0.09620897195564888,0.6015385954023647,0.14779400413325253
128 (ReLU + RMSPROP lr=0.01),[128],ReLU,rmsprop,0.01,0.991358024691358,0.0008699349035641704,0.9010198604401503,0.011770603461297791,0.8853864996741916,0.012941499545401294
128 (ReLU + RMSPROP lr=0.001),[128],ReLU,rmsprop,0.001,0.9552983539094649,0.0016136200762714233,0.4984165324745035,0.0008418887354459577,0.0,0.0
128 (ReLU + RMSPROP lr=0.0001),[128],ReLU,rmsprop,0.0001,0.9583333333333334,0.0,0.5,0.0,0.0,0.0
128 (Tanh + ADAM lr=0.1),[128],Tanh,adam,0.1,0.9934670781893005,0.0005296106039602254,0.9375469672571122,0.009557873914686014,0.9178218728224549,0.007467526823827963
128 (Tanh + ADAM lr=0.01),[128],Tanh,adam,0.01,0.9687242798353909,0.009110313216686303,0.6258722490606548,0.1097525536400667,0.35315364273749,0.27620575699559574
128 (Tanh + ADAM lr=0.001),[128],Tanh,adam,0.001,0.9583333333333334,0.0,0.5,0.0,0.0,0.0
128 (Tanh + ADAM lr=0.0001),[128],Tanh,adam,0.0001,0.8840534979423869,0.07620175982199828,0.6501878690284487,0.07811438201683271,0.21983818582272371,0.04631449399410461
128 (Tanh + SGD lr=0.1),[128],Tanh,sgd,0.1,0.9583333333333334,0.0,0.5,0.0,0.0,0.0
128 (Tanh + SGD lr=0.01),[128],Tanh,sgd,0.01,0.9583333333333334,0.0,0.5,0.0,0.0,0.0
128 (Tanh + SGD lr=0.001),[128],Tanh,sgd,0.001,0.7642489711934155,0.04342569315811706,0.5091519055287171,0.041340369559290664,0.0748449211513561,0.022889020266295225
128 (Tanh + SGD lr=0.0001),[128],Tanh,sgd,0.0001,0.46759259259259256,0.1429453538567542,0.47777777777777775,0.14376470839066913,0.0738069295385801,0.040072126302310634
128 (Tanh + RMSPROP lr=0.1),[128],Tanh,rmsprop,0.1,0.9515432098765432,0.006544455325732477,0.606280193236715,0.06047223587239669,0.26088081355813425,0.12588026100927743
128 (Tanh + RMSPROP lr=0.01),[128],Tanh,rmsprop,0.01,0.9572530864197532,0.0056218420132980625,0.6635802469135802,0.09199578955994128,0.3591365466918343,0.18179341699316054
128 (Tanh + RMSPROP lr=0.001),[128],Tanh,rmsprop,0.001,0.9560185185185185,0.0022481248336844004,0.4987922705314009,0.001172934695835333,0.0,0.0
128 (Tanh + RMSPROP lr=0.0001),[128],Tanh,rmsprop,0.0001,0.9340534979423868,0.021759684884298084,0.6201825013419217,0.07918991430028635,0.23353592350891517,0.0730117071586154
128 (LeakyReLU + ADAM lr=0.1),[128],LeakyReLU,adam,0.1,0.9930555555555556,0.0011386802274268673,0.9444176060118089,0.010437148650817902,0.9145256703625814,0.013662610976966279
128 (LeakyReLU + ADAM lr=0.01),[128],LeakyReLU,adam,0.01,0.9774691358024692,0.007226588201167061,0.7361245303274287,0.08310946979672386,0.6201857274825976,0.15141834712625413
128 (LeakyReLU + ADAM lr=0.001),[128],LeakyReLU,adam,0.001,0.9583333333333334,0.0,0.5,0.0,0.0,0.0
128 (LeakyReLU + ADAM lr=0.0001),[128],LeakyReLU,adam,0.0001,0.9418724279835391,0.03292181069958851,0.5333333333333333,0.06666666666666667,0.04551282051282051,0.09102564102564102
128 (LeakyReLU + SGD lr=0.1),[128],LeakyReLU,sgd,0.1,0.9583333333333334,0.0,0.5,0.0,0.0,0.0
128 (LeakyReLU + SGD lr=0.01),[128],LeakyReLU,sgd,0.01,0.9583333333333334,0.0,0.5,0.0,0.0,0.0
128 (LeakyReLU + SGD lr=0.001),[128],LeakyReLU,sgd,0.001,0.9516975308641975,0.008155198658075095,0.5107085346215781,0.024416985929354245,0.03254237288135593,0.06508474576271187
128 (LeakyReLU + SGD lr=0.0001),[128],LeakyReLU,sgd,0.0001,0.6558127572016461,0.23959530402447238,0.4809178743961352,0.034631084673505064,0.061206851645491465,0.026696962317767158
128 (LeakyReLU + RMSPROP lr=0.1),[128],LeakyReLU,rmsprop,0.1,0.9715020576131688,0.008314259530952635,0.7672571121846484,0.09675705736050663,0.5981956622221798,0.15647883391920256
128 (LeakyReLU + RMSPROP lr=0.01),[128],LeakyReLU,rmsprop,0.01,0.9905349794238683,0.001961489296804284,0.8946859903381643,0.021190366025688023,0.8737505964782285,0.02863343924968362
128 (LeakyReLU + RMSPROP lr=0.001),[128],LeakyReLU,rmsprop,0.001,0.9548868312757202,0.0018872362477205956,0.49820182501341925,0.0009846449988107472,0.0,0.0
128 (LeakyReLU + RMSPROP lr=0.0001),[128],LeakyReLU,rmsprop,0.0001,0.9583333333333334,0.0,0.5,0.0,0.0,0.0
128 (Sigmoid + ADAM lr=0.1),[128],Sigmoid,adam,0.1,0.9582818930041153,0.00010288065843622186,0.534219001610306,0.0684380032206119,0.08315412186379928,0.16630824372759856
128 (Sigmoid + ADAM lr=0.01),[128],Sigmoid,adam,0.01,0.9568415637860082,0.0018432585254289338,0.4992216854535695,0.0009617001002237787,0.0,0.0
128 (Sigmoid + ADAM lr=0.001),[128],Sigmoid,adam,0.001,0.9583333333333334,0.0,0.5,0.0,0.0,0.0
128 (Sigmoid + ADAM lr=0.0001),[128],Sigmoid,adam,0.0001,0.9583333333333334,0.0,0.5,0.0,0.0,0.0
128 (Sigmoid + SGD lr=0.1),[128],Sigmoid,sgd,0.1,0.9583333333333334,0.0,0.5,0.0,0.0,0.0
128 (Sigmoid + SGD lr=0.01),[128],Sigmoid,sgd,0.01,0.9583333333333334,0.0,0.5,0.0,0.0,0.0
128 (Sigmoid + SGD lr=0.001),[128],Sigmoid,sgd,0.001,0.9583333333333334,0.0,0.5,0.0,0.0,0.0
128 (Sigmoid + SGD lr=0.0001),[128],Sigmoid,sgd,0.0001,0.7338477366255145,0.3538259917470361,0.506280193236715,0.015902626293175706,0.03463230921704658,0.04261945438521081
128 (Sigmoid + RMSPROP lr=0.1),[128],Sigmoid,rmsprop,0.1,0.9769547325102881,0.010025718844949436,0.7931293612453032,0.07561147190872555,0.6786382188239365,0.13720951231483308
128 (Sigmoid + RMSPROP lr=0.01),[128],Sigmoid,rmsprop,0.01,0.9582818930041151,0.00010288065843622185,0.49997316156736443,5.367686527106841e-05,0.0,0.0
128 (Sigmoid + RMSPROP lr=0.001),[128],Sigmoid,rmsprop,0.001,0.9583333333333334,0.0,0.5,0.0,0.0,0.0
128 (Sigmoid + RMSPROP lr=0.0001),[128],Sigmoid,rmsprop,0.0001,0.9583333333333334,0.0,0.5,0.0,0.0,0.0
128-64 (ReLU + ADAM lr=0.1),"[128, 64]",ReLU,adam,0.1,0.9866769547325104,0.011206910589420785,0.9204240472356414,0.03173047405270968,0.8502387148434971,0.10783008489869322
128-64 (ReLU + ADAM lr=0.01),"[128, 64]",ReLU,adam,0.01,0.976388888888889,0.012757201646090514,0.725523349436393,0.1630669596463098,0.5379394738816233,0.3333436414521638
128-64 (ReLU + ADAM lr=0.001),"[128, 64]",ReLU,adam,0.001,0.9583333333333334,0.0,0.5,0.0,0.0,0.0
128-64 (ReLU + ADAM lr=0.0001),"[128, 64]",ReLU,adam,0.0001,0.9583333333333334,0.0,0.5,0.0,0.0,0.0
128-64 (ReLU + SGD lr=0.1),"[128, 64]",ReLU,sgd,0.1,0.9583333333333334,0.0,0.5,0.0,0.0,0.0
128-64 (ReLU + SGD lr=0.01),"[128, 64]",ReLU,sgd,0.01,0.9583333333333334,0.0,0.5,0.0,0.0,0.0
128-64 (ReLU + SGD lr=0.001),"[128, 64]",ReLU,sgd,0.001,0.9188271604938272,0.07901234567901234,0.4852925389157273,0.029414922168545354,0.004210526315789474,0.008421052631578947
128-64 (ReLU + SGD lr=0.0001),"[128, 64]",ReLU,sgd,0.0001,0.6565843621399178,0.37270154703978,0.46951154052603333,0.04872024963311129,0.02548398615186375,0.03204095471652015
128-64 (ReLU + RMSPROP lr=0.1),"[128, 64]",ReLU,rmsprop,0.1,0.9581275720164608,0.0004115226337448874,0.5223295759527644,0.044659151905528695,0.0628099173553719,0.1256198347107438
128-64 (ReLU + RMSPROP lr=0.01),"[128, 64]",ReLU,rmsprop,0.01,0.987037037037037,0.007419899731277953,0.9070316693505098,0.023516869350340572,0.8463117171268445,0.06800355810091298
128-64 (ReLU + RMSPROP lr=0.001),"[128, 64]",ReLU,rmsprop,0.001,0.9652263374485596,0.007524016428385714,0.582716049382716,0.09028819714062876,0.24743172288066978,0.23643830631375043
128-64 (ReLU + RMSPROP lr=0.0001),"[128, 64]",ReLU,rmsprop,0.0001,0.9583333333333334,0.0,0.5,0.0,0.0,0.0
128-64 (Tanh + ADAM lr=0.1),"[128, 64]",Tanh,adam,0.1,0.956687242798354,0.002528437392478302,0.6378958668813741,0.14375972307547108,0.27460532004594673,0.2420720377745858
128-64 (Tanh + ADAM lr=0.01),"[128, 64]",Tanh,adam,0.01,0.992849794238683,0.0006172839506172664,0.9378153515834674,0.006372418337329941,0.910975728911963,0.007318491284950714
128-64 (Tanh + ADAM lr=0.001),"[128, 64]",Tanh,adam,0.001,0.951388888888889,0.0028733004205285816,0.49637681159420294,0.0014991132628844877,0.0,0.0
128-64 (Tanh + ADAM lr=0.0001),"[128, 64]",Tanh,adam,0.0001,0.9579218106995885,0.0008230452674897305,0.5027375201288244,0.005475040257648933,0.01111111111111111,0.02222222222222222
128-64 (Tanh + SGD lr=0.1),"[128, 64]",Tanh,sgd,0.1,0.9583333333333334,0.0,0.5,0.0,0.0,0.0
128-64 (Tanh + SGD lr=0.01),"[128, 64]",Tanh,sgd,0.01,0.9583333333333334,0.0,0.5,0.0,0.0,0.0
128-64 (Tanh + SGD lr=0.001),"[128, 64]",Tanh,sgd,0.001,0.7866769547325102,0.11471061930634738,0.5096349973161567,0.029385007571903023,0.059967937403652694,0.03293868156454963
128-64 (Tanh + SGD lr=0.0001),"[128, 64]",Tanh,sgd,0.0001,0.6683641975308643,0.12709057652077674,0.5423778851315083,0.057567618455504704,0.10143214893705196,0.04698171326588672
128-64 (Tanh + RMSPROP lr=0.1),"[128, 64]",Tanh,rmsprop,0.1,0.9145061728395062,0.06855813002482743,0.5940418679549115,0.06207772980821109,0.19110511449242867,0.06620055427639421
128-64 (Tanh + RMSPROP lr=0.01),"[128, 64]",Tanh,rmsprop,0.01,0.9632201646090535,0.007867175714630548,0.6454374664519593,0.12435058265515117,0.34992141325851667,0.24707853307028324
128-64 (Tanh + RMSPROP lr=0.001),"[128, 64]",Tanh,rmsprop,0.001,0.9536008230452675,0.006652728278258824,0.4981213097155126,0.002294646752528067,0.0017094017094017096,0.0034188034188034192
128-64 (Tanh + RMSPROP lr=0.0001),"[128, 64]",Tanh,rmsprop,0.0001,0.9583333333333334,0.0,0.5,0.0,0.0,0.0
128-64 (LeakyReLU + ADAM lr=0.1),"[128, 64]",LeakyReLU,adam,0.1,0.9925925925925926,0.001108058602291068,0.9353193773483628,0.018345791429053633,0.9073171248738026,0.015545848884287176
128-64 (LeakyReLU + ADAM lr=0.01),"[128, 64]",LeakyReLU,adam,0.01,0.9929012345679012,0.0002622952424687847,0.9337090713902307,0.012265193078115756,0.9107015727542492,0.003326515810562631
128-64 (LeakyReLU + ADAM lr=0.001),"[128, 64]",LeakyReLU,adam,0.001,0.9583333333333334,0.0,0.5,0.0,0.0,0.0
128-64 (LeakyReLU + ADAM lr=0.0001),"[128, 64]",LeakyReLU,adam,0.0001,0.9583333333333334,0.0,0.5,0.0,0.0,0.0
128-64 (LeakyReLU + SGD lr=0.1),"[128, 64]",LeakyReLU,sgd,0.1,0.9583333333333334,0.0,0.5,0.0,0.0,0.0
128-64 (LeakyReLU + SGD lr=0.01),"[128, 64]",LeakyReLU,sgd,0.01,0.9583333333333334,0.0,0.5,0.0,0.0,0.0
128-64 (LeakyReLU + SGD lr=0.001),"[128, 64]",LeakyReLU,sgd,0.001,0.8029320987654321,0.3101598649316596,0.4974503488996243,0.028054315179708675,0.0409863053568884,0.054183224463889026
128-64 (LeakyReLU + SGD lr=0.0001),"[128, 64]",LeakyReLU,sgd,0.0001,0.7622942386831275,0.2318244715444616,0.5471014492753623,0.04370389686615482,0.07380525913789403,0.0640330628412516
128-64 (LeakyReLU + RMSPROP lr=0.1),"[128, 64]",LeakyReLU,rmsprop,0.1,0.9616769547325102,0.0018114009116933039,0.6824208266237252,0.1712867711736977,0.3528387714872661,0.24103872543216487
128-64 (LeakyReLU + RMSPROP lr=0.01),"[128, 64]",LeakyReLU,rmsprop,0.01,0.991358024691358,0.0016396478858548655,0.9393988191089641,0.018477944146059005,0.8951521371351177,0.017146791672918448
128-64 (LeakyReLU + RMSPROP lr=0.001),"[128, 64]",LeakyReLU,rmsprop,0.001,0.9655864197530863,0.008913289554440495,0.5876274825550187,0.10776036781389059,0.2429861264038758,0.2981420731312636
128-64 (LeakyReLU + RMSPROP lr=0.0001),"[128, 64]",LeakyReLU,rmsprop,0.0001,0.9583333333333334,0.0,0.5,0.0,0.0,0.0
128-64 (Sigmoid + ADAM lr=0.1),"[128, 64]",Sigmoid,adam,0.1,0.9583333333333334,0.0,0.5,0.0,0.0,0.0
128-64 (Sigmoid + ADAM lr=0.01),"[128, 64]",Sigmoid,adam,0.01,0.9583333333333334,0.0,0.5,0.0,0.0,0.0
128-64 (Sigmoid + ADAM lr=0.001),"[128, 64]",Sigmoid,adam,0.001,0.9583333333333334,0.0,0.5,0.0,0.0,0.0
128-64 (Sigmoid + ADAM lr=0.0001),"[128, 64]",Sigmoid,adam,0.0001,0.9583333333333334,0.0,0.5,0.0,0.0,0.0
128-64 (Sigmoid + SGD lr=0.1),"[128, 64]",Sigmoid,sgd,0.1,0.9583333333333334,0.0,0.5,0.0,0.0,0.0
128-64 (Sigmoid + SGD lr=0.01),"[128, 64]",Sigmoid,sgd,0.01,0.9583333333333334,0.0,0.5,0.0,0.0,0.0
128-64 (Sigmoid + SGD lr=0.001),"[128, 64]",Sigmoid,sgd,0.001,0.9583333333333334,0.0,0.5,0.0,0.0,0.0
128-64 (Sigmoid + SGD lr=0.0001),"[128, 64]",Sigmoid,sgd,0.0001,0.7750000000000001,0.3666666666666667,0.5,0.0,0.016,0.032
128-64 (Sigmoid + RMSPROP lr=0.1),"[128, 64]",Sigmoid,rmsprop,0.1,0.9583333333333334,0.0,0.5,0.0,0.0,0.0
128-64 (Sigmoid + RMSPROP lr=0.01),"[128, 64]",Sigmoid,rmsprop,0.01,0.9501543209876543,0.0111073000627702,0.4957326892109501,0.005795113076227925,0.0,0.0
128-64 (Sigmoid + RMSPROP lr=0.001),"[128, 64]",Sigmoid,rmsprop,0.001,0.9583333333333334,0.0,0.5,0.0,0.0,0.0
128-64 (Sigmoid + RMSPROP lr=0.0001),"[128, 64]",Sigmoid,rmsprop,0.0001,0.9583333333333334,0.0,0.5,0.0,0.0,0.0
128-64-32 (ReLU + ADAM lr=0.1),"[128, 64, 32]",ReLU,adam,0.1,0.9782407407407409,0.01842009165169492,0.9166129898013956,0.040388461650861726,0.7901605106845541,0.15419699928405334
128-64-32 (ReLU + ADAM lr=0.01),"[128, 64, 32]",ReLU,adam,0.01,0.9855967078189302,0.013640904562935973,0.8466451959205582,0.1735173144939255,0.7241238907182143,0.3621095430862353
128-64-32 (ReLU + ADAM lr=0.001),"[128, 64, 32]",ReLU,adam,0.001,0.9583333333333334,0.0,0.5,0.0,0.0,0.0
128-64-32 (ReLU + ADAM lr=0.0001),"[128, 64, 32]",ReLU,adam,0.0001,0.9466563786008232,0.02335390946502058,0.49567901234567896,0.008641975308641992,0.0030379746835443038,0.0060759493670886075
128-64-32 (ReLU + SGD lr=0.1),"[128, 64, 32]",ReLU,sgd,0.1,0.9583333333333334,0.0,0.5,0.0,0.0,0.0
128-64-32 (ReLU + SGD lr=0.01),"[128, 64, 32]",ReLU,sgd,0.01,0.9583333333333334,0.0,0.5,0.0,0.0,0.0
128-64-32 (ReLU + SGD lr=0.001),"[128, 64, 32]",ReLU,sgd,0.001,0.7711934156378601,0.3642053994058274,0.5003757380568976,0.0004904902544953609,0.022445480314335214,0.03139769183863009
128-64-32 (ReLU + SGD lr=0.0001),"[128, 64, 32]",ReLU,sgd,0.0001,0.775,0.3666666666666667,0.5,0.0,0.016,0.032
128-64-32 (ReLU + RMSPROP lr=0.1),"[128, 64, 32]",ReLU,rmsprop,0.1,0.9588991769547326,0.0011316872427983517,0.5209608158883521,0.04192163177670425,0.06334841628959276,0.12669683257918551
128-64-32 (ReLU + RMSPROP lr=0.01),"[128, 64, 32]",ReLU,rmsprop,0.01,0.9799382716049383,0.01396204631563198,0.785829307568438,0.18763464022962772,0.6136046327625616,0.3620777349271023
128-64-32 (ReLU + RMSPROP lr=0.001),"[128, 64, 32]",ReLU,rmsprop,0.001,0.9814300411522634,0.014297635695896519,0.8031400966183575,0.16541671515229223,0.6687443196159436,0.3309551668526938
128-64-32 (ReLU + RMSPROP lr=0.0001),"[128, 64, 32]",ReLU,rmsprop,0.0001,0.9583333333333334,0.0,0.5,0.0,0.0,0.0
128-64-32 (Tanh + ADAM lr=0.1),"[128, 64, 32]",Tanh,adam,0.1,0.9597736625514403,0.004637053946393795,0.7221685453569512,0.14425323243202362,0.43701173559843876,0.17466565977636286
128-64-32 (Tanh + ADAM lr=0.01),"[128, 64, 32]",Tanh,adam,0.01,0.9930041152263375,0.000896892786736755,0.9432098765432098,0.01037589217194657,0.9136457450504653,0.01146583773254213
128-64-32 (Tanh + ADAM lr=0.001),"[128, 64, 32]",Tanh,adam,0.001,0.9525720164609053,0.002595571154638446,0.49699409554482016,0.0013542110372026753,0.0,0.0
128-64-32 (Tanh + ADAM lr=0.0001),"[128, 64, 32]",Tanh,adam,0.0001,0.9583333333333334,0.0,0.5,0.0,0.0,0.0
128-64-32 (Tanh + SGD lr=0.1),"[128, 64, 32]",Tanh,sgd,0.1,0.9583333333333334,0.0,0.5,0.0,0.0,0.0
128-64-32 (Tanh + SGD lr=0.01),"[128, 64, 32]",Tanh,sgd,0.01,0.9583333333333334,0.0,0.5,0.0,0.0,0.0
128-64-32 (Tanh + SGD lr=0.001),"[128, 64, 32]",Tanh,sgd,0.001,0.8062757201646089,0.26263154158536656,0.49978529253891574,0.07473453488051264,0.07625747892847487,0.07752716547463412
128-64-32 (Tanh + SGD lr=0.0001),"[128, 64, 32]",Tanh,sgd,0.0001,0.22968106995884777,0.21107610020615816,0.5242887815351583,0.0229883356684183,0.08459964194460626,0.004272200511642863
128-64-32 (Tanh + RMSPROP lr=0.1),"[128, 64, 32]",Tanh,rmsprop,0.1,0.9436728395061728,0.026252213060597572,0.5561191626409018,0.08319556552148862,0.10398212393057737,0.09786130490856187
128-64-32 (Tanh + RMSPROP lr=0.01),"[128, 64, 32]",Tanh,rmsprop,0.01,0.9593106995884775,0.0038884261705687674,0.5377079978529254,0.03519285101144916,0.13254022414172023,0.11573148661385474
128-64-32 (Tanh + RMSPROP lr=0.001),"[128, 64, 32]",Tanh,rmsprop,0.001,0.9485082304526748,0.009539927689741294,0.49664519592055817,0.0029825698833726307,0.004511278195488721,0.009022556390977442
128-64-32 (Tanh + RMSPROP lr=0.0001),"[128, 64, 32]",Tanh,rmsprop,0.0001,0.9583333333333334,0.0,0.5,0.0,0.0,0.0
128-64-32 (LeakyReLU + ADAM lr=0.1),"[128, 64, 32]",LeakyReLU,adam,0.1,0.9853909465020576,0.01452622435779654,0.868384326355341,0.15187219988338188,0.7693078014080885,0.28026924998041086
128-64-32 (LeakyReLU + ADAM lr=0.01),"[128, 64, 32]",LeakyReLU,adam,0.01,0.9926954732510289,0.0007733177149368706,0.9341921631776703,0.015652260429013812,0.9083114344799033,0.011356828893313034
128-64-32 (LeakyReLU + ADAM lr=0.001),"[128, 64, 32]",LeakyReLU,adam,0.001,0.9583333333333334,0.0,0.5,0.0,0.0,0.0
128-64-32 (LeakyReLU + ADAM lr=0.0001),"[128, 64, 32]",LeakyReLU,adam,0.0001,0.9583333333333334,0.0,0.5,0.0,0.0,0.0
128-64-32 (LeakyReLU + SGD lr=0.1),"[128, 64, 32]",LeakyReLU,sgd,0.1,0.9583333333333334,0.0,0.5,0.0,0.0,0.0
128-64-32 (LeakyReLU + SGD lr=0.01),"[128, 64, 32]",LeakyReLU,sgd,0.01,0.9583333333333334,0.0,0.5,0.0,0.0,0.0
128-64-32 (LeakyReLU + SGD lr=0.001),"[128, 64, 32]",LeakyReLU,sgd,0.001,0.6131687242798355,0.35203910047700887,0.48819108964036506,0.02332489872508129,0.03849032915983035,0.03518504378722422
128-64-32 (LeakyReLU + SGD lr=0.0001),"[128, 64, 32]",LeakyReLU,sgd,0.0001,0.22232510288065846,0.36003224225772085,0.5074610842726786,0.014260681428260733,0.08766165120449053,0.01522448567752507
128-64-32 (LeakyReLU + RMSPROP lr=0.1),"[128, 64, 32]",LeakyReLU,rmsprop,0.1,0.9623456790123457,0.012061194147944754,0.7713365539452497,0.12039949417615874,0.5395453969340436,0.16271635205926477
128-64-32 (LeakyReLU + RMSPROP lr=0.01),"[128, 64, 32]",LeakyReLU,rmsprop,0.01,0.9850308641975308,0.013350128184362426,0.8280461621041331,0.1641419012236542,0.713464838396553,0.35674771661617716
128-64-32 (LeakyReLU + RMSPROP lr=0.001),"[128, 64, 32]",LeakyReLU,rmsprop,0.001,0.9899691358024691,0.0036044954817602668,0.8932098765432099,0.04555608713493625,0.8644025256385044,0.05835799760458485
128-64-32 (LeakyReLU + RMSPROP lr=0.0001),"[128, 64, 32]",LeakyReLU,rmsprop,0.0001,0.9583333333333334,0.0,0.5,0.0,0.0,0.0
128-64-32 (Sigmoid + ADAM lr=0.1),"[128, 64, 32]",Sigmoid,adam,0.1,0.9583333333333334,0.0,0.5,0.0,0.0,0.0
128-64-32 (Sigmoid + ADAM lr=0.01),"[128, 64, 32]",Sigmoid,adam,0.01,0.9583333333333334,0.0,0.5,0.0,0.0,0.0
128-64-32 (Sigmoid + ADAM lr=0.001),"[128, 64, 32]",Sigmoid,adam,0.001,0.9583333333333334,0.0,0.5,0.0,0.0,0.0
128-64-32 (Sigmoid + ADAM lr=0.0001),"[128, 64, 32]",Sigmoid,adam,0.0001,0.9583333333333334,0.0,0.5,0.0,0.0,0.0
128-64-32 (Sigmoid + SGD lr=0.1),"[128, 64, 32]",Sigmoid,sgd,0.1,0.9583333333333334,0.0,0.5,0.0,0.0,0.0
128-64-32 (Sigmoid + SGD lr=0.01),"[128, 64, 32]",Sigmoid,sgd,0.01,0.9583333333333334,0.0,0.5,0.0,0.0,0.0
128-64-32 (Sigmoid + SGD lr=0.001),"[128, 64, 32]",Sigmoid,sgd,0.001,0.9583333333333334,0.0,0.5,0.0,0.0,0.0
128-64-32 (Sigmoid + SGD lr=0.0001),"[128, 64, 32]",Sigmoid,sgd,0.0001,0.7750000000000001,0.36666666666666664,0.5,0.0,0.016,0.032
128-64-32 (Sigmoid + RMSPROP lr=0.1),"[128, 64, 32]",Sigmoid,rmsprop,0.1,0.9583333333333334,0.0,0.5,0.0,0.0,0.0
128-64-32 (Sigmoid + RMSPROP lr=0.01),"[128, 64, 32]",Sigmoid,rmsprop,0.01,0.9583333333333334,0.0,0.5,0.0,0.0,0.0
128-64-32 (Sigmoid + RMSPROP lr=0.001),"[128, 64, 32]",Sigmoid,rmsprop,0.001,0.9583333333333334,0.0,0.5,0.0,0.0,0.0
128-64-32 (Sigmoid + RMSPROP lr=0.0001),"[128, 64, 32]",Sigmoid,rmsprop,0.0001,0.9583333333333334,0.0,0.5,0.0,0.0,0.0
32 (ReLU + ADAM lr=0.1),[32],ReLU,adam,0.1,0.9918724279835391,0.002074263904697124,0.9148684916800859,0.0302759170927055,0.8939131666732358,0.03066234414188778
32 (ReLU + ADAM lr=0.01),[32],ReLU,adam,0.01,0.9586419753086421,0.0006172839506172866,0.5037037037037038,0.007407407407407395,0.014285714285714285,0.02857142857142857
32 (ReLU + ADAM lr=0.001),[32],ReLU,adam,0.001,0.9583333333333334,0.0,0.5,0.0,0.0,0.0
32 (ReLU + ADAM lr=0.0001),[32],ReLU,adam,0.0001,0.8789609053497942,0.08499097536052377,0.5011003757380569,0.020657121601899548,0.04161124556207677,0.036928945858784784
32 (ReLU + SGD lr=0.1),[32],ReLU,sgd,0.1,0.9583333333333334,0.0,0.5,0.0,0.0,0.0
32 (ReLU + SGD lr=0.01),[32],ReLU,sgd,0.01,0.9583333333333334,0.0,0.5,0.0,0.0,0.0
32 (ReLU + SGD lr=0.001),[32],ReLU,sgd,0.001,0.6852366255144033,0.20719091843533485,0.47973698336017173,0.06579281784519296,0.04472942408770815,0.033224886092937285
32 (ReLU + SGD lr=0.0001),[32],ReLU,sgd,0.0001,0.756687242798354,0.2781727777588982,0.5057971014492753,0.06998243664108197,0.08227779116123128,0.039797500577559194
32 (ReLU + RMSPROP lr=0.1),[32],ReLU,rmsprop,0.1,0.9717592592592592,0.008476579631089725,0.8341116478797638,0.06915735528863903,0.6660631687780924,0.10073370660253833
32 (ReLU + RMSPROP lr=0.01),[32],ReLU,rmsprop,0.01,0.990380658436214,0.0007201646090535037,0.8892914653784219,0.010188711759971545,0.8708499473667421,0.010745248066671015
32 (ReLU + RMSPROP lr=0.001),[32],ReLU,rmsprop,0.001,0.9583333333333333,0.00016266860391810382,0.5005904455179817,0.0012490688436092483,0.00245398773006135,0.0049079754601227
32 (ReLU + RMSPROP lr=0.0001),[32],ReLU,rmsprop,0.0001,0.943672839506173,0.008280135539315886,0.5236446591519055,0.02637241680339804,0.07954593824446883,0.058967663646446976
32 (Tanh + ADAM lr=0.1),[32],Tanh,adam,0.1,0.993724279835391,0.0003849441755940088,0.9412238325281802,0.005843140380321347,0.9214729008731363,0.005059572932423578
32 (Tanh + ADAM lr=0.01),[32],Tanh,adam,0.01,0.9580761316872428,0.00023004814583332928,0.4998658078368223,0.00012002511956520663,0.0,0.0
32 (Tanh + ADAM lr=0.001),[32],Tanh,adam,0.001,0.9583333333333334,0.0,0.5,0.0,0.0,0.0
32 (Tanh + ADAM lr=0.0001),[32],Tanh,adam,0.0001,0.6419238683127573,0.24888500531786228,0.5734567901234568,0.11024604840687074,0.10092438856356734,0.06563308501926046
32 (Tanh + SGD lr=0.1),[32],Tanh,sgd,0.1,0.9583333333333334,0.0,0.5,0.0,0.0,0.0
32 (Tanh + SGD lr=0.01),[32],Tanh,sgd,0.01,0.9583333333333334,0.0,0.5,0.0,0.0,0.0
32 (Tanh + SGD lr=0.001),[32],Tanh,sgd,0.001,0.6429012345679012,0.13189711686993705,0.45882984433709073,0.061656554615483763,0.05470935261435337,0.02746879874866622
32 (Tanh + SGD lr=0.0001),[32],Tanh,sgd,0.0001,0.7082304526748971,0.1779217256299824,0.47815351583467525,0.07316628313663358,0.07351333611719309,0.028661803449135055
32 (Tanh + RMSPROP lr=0.1),[32],Tanh,rmsprop,0.1,0.9556069958847736,0.0067002880040458205,0.6786634460547504,0.08695720926416209,0.39524532050699374,0.14679866968633323
32 (Tanh + RMSPROP lr=0.01),[32],Tanh,rmsprop,0.01,0.963477366255144,0.005233279307967035,0.6012882447665057,0.11584163338845359,0.25702036716071625,0.23876887488432463
32 (Tanh + RMSPROP lr=0.001),[32],Tanh,rmsprop,0.001,0.9583333333333334,0.0,0.5,0.0,0.0,0.0
32 (Tanh + RMSPROP lr=0.0001),[32],Tanh,rmsprop,0.0001,0.7093106995884775,0.24902105578305236,0.6605743424584004,0.10465693521306643,0.16940581722897216,0.05405926063614006
32 (LeakyReLU + ADAM lr=0.1),[32],LeakyReLU,adam,0.1,0.9924382716049382,0.0008998382553773499,0.9370101986044016,0.012540356372066207,0.9060832310360725,0.011992203975406264
32 (LeakyReLU + ADAM lr=0.01),[32],LeakyReLU,adam,0.01,0.9561213991769547,0.0013668035242373096,0.5035695115405261,0.004272793110560538,0.01798007233668828,0.016955509260903
32 (LeakyReLU + ADAM lr=0.001),[32],LeakyReLU,adam,0.001,0.9583333333333334,0.0,0.5,0.0,0.0,0.0
32 (LeakyReLU + ADAM lr=0.0001),[32],LeakyReLU,adam,0.0001,0.8414094650205761,0.10425669279482584,0.4850509930220075,0.06011039652493716,0.045744164332399626,0.06127216237378018
32 (LeakyReLU + SGD lr=0.1),[32],LeakyReLU,sgd,0.1,0.9583333333333334,0.0,0.5,0.0,0.0,0.0
32 (LeakyReLU + SGD lr=0.01),[32],LeakyReLU,sgd,0.01,0.9583333333333334,0.0,0.5,0.0,0.0,0.0
32 (LeakyReLU + SGD lr=0.001),[32],LeakyReLU,sgd,0.001,0.9347222222222221,0.017555703388603128,0.5000805152979065,0.021135772642575427,0.028063280848264434,0.044380775199215246
32 (LeakyReLU + SGD lr=0.0001),[32],LeakyReLU,sgd,0.0001,0.33575102880658436,0.2571468871749557,0.5247181964573269,0.02518417614972955,0.08669778295562465,0.007972469664120798
32 (LeakyReLU + RMSPROP lr=0.1),[32],LeakyReLU,rmsprop,0.1,0.963014403292181,0.008404474570487737,0.6801663982823403,0.0750543186719968,0.4460279927241343,0.12111766576702244
32 (LeakyReLU + RMSPROP lr=0.01),[32],LeakyReLU,rmsprop,0.01,0.9906893004115226,0.0006383576978390363,0.8906333870101986,0.006935021911068077,0.8748558676246642,0.009314617519174619
32 (LeakyReLU + RMSPROP lr=0.001),[32],LeakyReLU,rmsprop,0.001,0.9582304526748973,0.0002622952424687542,0.5005367686527107,0.0012787041599110732,0.00245398773006135,0.0049079754601227
32 (LeakyReLU + RMSPROP lr=0.0001),[32],LeakyReLU,rmsprop,0.0001,0.8706275720164609,0.07451394033630268,0.5345410628019323,0.08020317027192675,0.06118173669986025,0.06341713617466598
32 (Sigmoid + ADAM lr=0.1),[32],Sigmoid,adam,0.1,0.9529835390946502,0.008733349971071705,0.5485775630703167,0.02999043239067365,0.15849152194769572,0.09353973488792693
32 (Sigmoid + ADAM lr=0.01),[32],Sigmoid,adam,0.01,0.9583333333333334,0.0,0.5,0.0,0.0,0.0
32 (Sigmoid + ADAM lr=0.001),[32],Sigmoid,adam,0.001,0.9583333333333334,0.0,0.5,0.0,0.0,0.0
32 (Sigmoid + ADAM lr=0.0001),[32],Sigmoid,adam,0.0001,0.8067386831275721,0.27397003441215245,0.5330917874396135,0.04518938578808405,0.04498672597525771,0.05554699310788627
32 (Sigmoid + SGD lr=0.1),[32],Sigmoid,sgd,0.1,0.9583333333333334,0.0,0.5,0.0,0.0,0.0
32 (Sigmoid + SGD lr=0.01),[32],Sigmoid,sgd,0.01,0.9583333333333334,0.0,0.5,0.0,0.0,0.0
32 (Sigmoid + SGD lr=0.001),[32],Sigmoid,sgd,0.001,0.9583333333333334,0.0,0.5,0.0,0.0,0.0
32 (Sigmoid + SGD lr=0.0001),[32],Sigmoid,sgd,0.0001,0.47124485596707827,0.41392107140817036,0.48440687063875476,0.03125339801749843,0.04401596360499794,0.03666973471079774
32 (Sigmoid + RMSPROP lr=0.1),[32],Sigmoid,rmsprop,0.1,0.9791666666666667,0.007047512838807886,0.8025496511003757,0.06939832277574488,0.7016618306738109,0.12224455568849148
32 (Sigmoid + RMSPROP lr=0.01),[32],Sigmoid,rmsprop,0.01,0.9583333333333334,0.0,0.5,0.0,0.0,0.0
32 (Sigmoid + RMSPROP lr=0.001),[32],Sigmoid,rmsprop,0.001,0.9583333333333334,0.0,0.5,0.0,0.0,0.0
32 (Sigmoid + RMSPROP lr=0.0001),[32],Sigmoid,rmsprop,0.0001,0.9583333333333334,0.0,0.5,0.0,0.0,0.0
32-16 (ReLU + ADAM lr=0.1),"[32, 16]",ReLU,adam,0.1,0.9887860082304526,0.005612891905125247,0.9008588298443371,0.05912570668305046,0.8523558847978615,0.08580346720128612
32-16 (ReLU + ADAM lr=0.01),"[32, 16]",ReLU,adam,0.01,0.9640946502057612,0.012442393806810394,0.582716049382716,0.16005268912005494,0.18084282671112345,0.33953832185782673
32-16 (ReLU + ADAM lr=0.001),"[32, 16]",ReLU,adam,0.001,0.9583333333333334,0.0,0.5,0.0,0.0,0.0
32-16 (ReLU + ADAM lr=0.0001),"[32, 16]",ReLU,adam,0.0001,0.868312757201646,0.12902389257270253,0.4849168008588299,0.039546464639826605,0.02309137248331026,0.03146296614597153
32-16 (ReLU + SGD lr=0.1),"[32, 16]",ReLU,sgd,0.1,0.9583333333333334,0.0,0.5,0.0,0.0,0.0
32-16 (ReLU + SGD lr=0.01),"[32, 16]",ReLU,sgd,0.01,0.9583333333333334,0.0,0.5,0.0,0.0,0.0
32-16 (ReLU + SGD lr=0.001),"[32, 16]",ReLU,sgd,0.001,0.9015946502057612,0.09958369457616989,0.5152710681696189,0.0208471574544829,0.04551258240098262,0.05878504920071787
32-16 (ReLU + SGD lr=0.0001),"[32, 16]",ReLU,sgd,0.0001,0.41080246913580254,0.44707841586697356,0.4942028985507247,0.011661414795585604,0.04708311721248831,0.03848010635913295
32-16 (ReLU + RMSPROP lr=0.1),"[32, 16]",ReLU,rmsprop,0.1,0.9583333333333334,0.0,0.5,0.0,0.0,0.0
32-16 (ReLU + RMSPROP lr=0.01),"[32, 16]",ReLU,rmsprop,0.01,0.991820987654321,0.0008668878367465221,0.9301932367149759,0.011126917688157255,0.8977821195652421,0.011570693734044558
32-16 (ReLU + RMSPROP lr=0.001),"[32, 16]",ReLU,rmsprop,0.001,0.9583333333333334,0.0,0.5,0.0,0.0,0.0
32-16 (ReLU + RMSPROP lr=0.0001),"[32, 16]",ReLU,rmsprop,0.0001,0.9583333333333334,0.0,0.5,0.0,0.0,0.0
32-16 (Tanh + ADAM lr=0.1),"[32, 16]",Tanh,adam,0.1,0.9901234567901234,0.010921352495032394,0.9434782608695652,0.03617760989327443,0.8902144615024025,0.1114367457395188
32-16 (Tanh + ADAM lr=0.01),"[32, 16]",Tanh,adam,0.01,0.9924897119341564,0.0011080586022910587,0.9216854535695115,0.014362348440360332,0.9033735830093403,0.01532028993332225
32-16 (Tanh + ADAM lr=0.001),"[32, 16]",Tanh,adam,0.001,0.9583333333333334,0.0,0.5,0.0,0.0,0.0
32-16 (Tanh + ADAM lr=0.0001),"[32, 16]",Tanh,adam,0.0001,0.8801440329218106,0.10483420463190313,0.5359634997316156,0.03390183813192864,0.07477523337626601,0.04274744724889507
32-16 (Tanh + SGD lr=0.1),"[32, 16]",Tanh,sgd,0.1,0.9583333333333334,0.0,0.5,0.0,0.0,0.0
32-16 (Tanh + SGD lr=0.01),"[32, 16]",Tanh,sgd,0.01,0.9583333333333334,0.0,0.5,0.0,0.0,0.0
32-16 (Tanh + SGD lr=0.001),"[32, 16]",Tanh,sgd,0.001,0.6299897119341564,0.281841868916469,0.49637681159420294,0.06782476031446998,0.05923397114824356,0.033980119174024354
32-16 (Tanh + SGD lr=0.0001),"[32, 16]",Tanh,sgd,0.0001,0.7143004115226337,0.15414036068374617,0.5303274288781534,0.11776806994278476,0.0778463899642872,0.057655571405701926
32-16 (Tanh + RMSPROP lr=0.1),"[32, 16]",Tanh,rmsprop,0.1,0.9567901234567902,0.0033217868911446374,0.5499731615673644,0.014140212262666462,0.17076330843743465,0.04457809647125504
32-16 (Tanh + RMSPROP lr=0.01),"[32, 16]",Tanh,rmsprop,0.01,0.9765432098765432,0.009892605252054019,0.8584541062801933,0.06916042776316657,0.7251622413912135,0.09277009630252642
32-16 (Tanh + RMSPROP lr=0.001),"[32, 16]",Tanh,rmsprop,0.001,0.9545267489711936,0.002342653814143148,0.49801395598497045,0.0012222541639007785,0.0,0.0
32-16 (Tanh + RMSPROP lr=0.0001),"[32, 16]",Tanh,rmsprop,0.0001,0.8582818930041153,0.1990752038972203,0.5328234031132582,0.066184499960667,0.024130708001675744,0.04826141600335149
32-16 (LeakyReLU + ADAM lr=0.1),"[32, 16]",LeakyReLU,adam,0.1,0.9926954732510287,0.0012558184789849384,0.9436392914653784,0.009798784897224242,0.9105301129681868,0.01440282167064785
32-16 (LeakyReLU + ADAM lr=0.01),"[32, 16]",LeakyReLU,adam,0.01,0.9583333333333334,0.0,0.5,0.0,0.0,0.0
32-16 (LeakyReLU + ADAM lr=0.001),"[32, 16]",LeakyReLU,adam,0.001,0.9583333333333334,0.0,0.5,0.0,0.0,0.0
32-16 (LeakyReLU + ADAM lr=0.0001),"[32, 16]",LeakyReLU,adam,0.0001,0.7126028806584361,0.32544046974523483,0.5040526033279656,0.05690712301388717,0.06650895032388193,0.06877445702030671
32-16 (LeakyReLU + SGD lr=0.1),"[32, 16]",LeakyReLU,sgd,0.1,0.9583333333333334,0.0,0.5,0.0,0.0,0.0
32-16 (LeakyReLU + SGD lr=0.01),"[32, 16]",LeakyReLU,sgd,0.01,0.9583333333333334,0.0,0.5,0.0,0.0,0.0
32-16 (LeakyReLU + SGD lr=0.001),"[32, 16]",LeakyReLU,sgd,0.001,0.5863168724279836,0.4274396881400224,0.503113258185722,0.029772206109560637,0.0557141191829744,0.048817649206155646
32-16 (LeakyReLU + SGD lr=0.0001),"[32, 16]",LeakyReLU,sgd,0.0001,0.3397119341563786,0.26776958886126023,0.4972624798711756,0.03386480619189765,0.07995619872523367,0.012256688391111215
32-16 (LeakyReLU + RMSPROP lr=0.1),"[32, 16]",LeakyReLU,rmsprop,0.1,0.9569958847736626,0.002650050796788337,0.5347289318303812,0.04348367791943258,0.10172445186992678,0.11507960435894529
32-16 (LeakyReLU + RMSPROP lr=0.01),"[32, 16]",LeakyReLU,rmsprop,0.01,0.9916666666666666,0.000984111443915061,0.921256038647343,0.016790523282899376,0.8938517069943261,0.014513067938750318
32-16 (LeakyReLU + RMSPROP lr=0.001),"[32, 16]",LeakyReLU,rmsprop,0.001,0.9583333333333334,0.0,0.5,0.0,0.0,0.0
32-16 (LeakyReLU + RMSPROP lr=0.0001),"[32, 16]",LeakyReLU,rmsprop,0.0001,0.9583333333333334,0.0,0.5,0.0,0.0,0.0
32-16 (Sigmoid + ADAM lr=0.1),"[32, 16]",Sigmoid,adam,0.1,0.9649691358024691,0.00560298304699181,0.7567632850241546,0.08480705201915002,0.5430095611609652,0.11118427498190597
32-16 (Sigmoid + ADAM lr=0.01),"[32, 16]",Sigmoid,adam,0.01,0.9583333333333334,0.0,0.5,0.0,0.0,0.0
32-16 (Sigmoid + ADAM lr=0.001),"[32, 16]",Sigmoid,adam,0.001,0.9583333333333334,0.0,0.5,0.0,0.0,0.0
32-16 (Sigmoid + ADAM lr=0.0001),"[32, 16]",Sigmoid,adam,0.0001,0.8785493827160493,0.15956790123456793,0.5487117552334944,0.09742351046698872,0.03031203566121842,0.06062407132243684
32-16 (Sigmoid + SGD lr=0.1),"[32, 16]",Sigmoid,sgd,0.1,0.9583333333333334,0.0,0.5,0.0,0.0,0.0
32-16 (Sigmoid + SGD lr=0.01),"[32, 16]",Sigmoid,sgd,0.01,0.9583333333333334,0.0,0.5,0.0,0.0,0.0
32-16 (Sigmoid + SGD lr=0.001),"[32, 16]",Sigmoid,sgd,0.001,0.775,0.3666666666666667,0.5,0.0,0.016,0.032
32-16 (Sigmoid + SGD lr=0.0001),"[32, 16]",Sigmoid,sgd,0.0001,0.775,0.3666666666666667,0.5,0.0,0.016,0.032
32-16 (Sigmoid + RMSPROP lr=0.1),"[32, 16]",Sigmoid,rmsprop,0.1,0.9583333333333334,0.0,0.5,0.0,0.0,0.0
32-16 (Sigmoid + RMSPROP lr=0.01),"[32, 16]",Sigmoid,rmsprop,0.01,0.9583333333333334,0.0,0.5,0.0,0.0,0.0
32-16 (Sigmoid + RMSPROP lr=0.001),"[32, 16]",Sigmoid,rmsprop,0.001,0.9583333333333334,0.0,0.5,0.0,0.0,0.0
32-16 (Sigmoid + RMSPROP lr=0.0001),"[32, 16]",Sigmoid,rmsprop,0.0001,0.9583333333333334,0.0,0.5,0.0,0.0,0.0
